song_id,title,artist,genre,mood
s1,Total multi-state software,Taylor Wilson,Rock,Sad
s2,Universal bifurcated focus group,Shelia Brown,Pop,Sad
s3,Expanded scalable knowledgebase,Christopher Cruz,Jazz,Chill
s4,Assimilated motivating middleware,Carolyn Norman,Rock,Chill
s5,Enhanced disintermediate database,Ryan Smith,Classical,Energetic
s6,Grass-roots disintermediate solution,Joel Berry,Jazz,Chill
s7,Self-enabling secondary info-mediaries,Tracy Brown,Classical,Energetic
s8,Programmable encompassing collaboration,Sarah Wood,Classical,Energetic
s9,Down-sized local knowledgebase,Tamara Woods,Rock,Sad
s10,Synergized high-level parallelism,Mrs. Wendy Campbell,Pop,Chill
s11,Profit-focused dedicated artificial intelligence,Tommy Bowman,Jazz,Sad
s12,Re-engineered directional encoding,Jasmine Schwartz,Rock,Energetic
s13,Versatile empowering frame,Daniel Nelson,Rock,Sad
s14,Versatile next generation extranet,Judy Edwards,Hip-Hop,Happy
s15,Customizable background contingency,Tracy Nelson,Hip-Hop,Sad
s16,Face-to-face zero-defect approach,Sandra Thompson,Pop,Chill
s17,Inverse interactive hardware,Bradley Mcdaniel,Pop,Sad
s18,Re-engineered high-level policy,Walter Williams,Classical,Sad
s19,Re-contextualized dedicated encoding,Kenneth Green,Hip-Hop,Happy
s20,Optimized context-sensitive matrices,Michael Cortez,Pop,Energetic
s21,Re-engineered asymmetric hardware,Mrs. Colleen Wilson,Jazz,Sad
s22,Expanded analyzing knowledge user,Nichole Johnson,Rock,Happy
s23,Sharable background toolset,Terrance Anderson,Pop,Sad
s24,Switchable mobile benchmark,Mary Flowers,Classical,Chill
s25,Managed reciprocal concept,Vincent Lee,Classical,Sad
s26,Multi-lateral homogeneous frame,Dawn Sims,Pop,Happy
s27,De-engineered background framework,Robert Acevedo,Pop,Happy
s28,Team-oriented web-enabled Graphical User Interface,James Tanner,Pop,Chill
s29,Robust didactic system engine,Sheila Washington,Jazz,Happy
s30,Assimilated web-enabled moderator,Donna Garcia,Hip-Hop,Sad
s31,Adaptive value-added matrices,Christopher Pineda,Classical,Chill
s32,Reduced static pricing structure,Steve Brown,Pop,Sad
s33,Business-focused coherent array,Sarah Gomez,Pop,Chill
s34,Organic next generation architecture,Melanie Ellison,Hip-Hop,Chill
s35,Organic high-level artificial intelligence,Charles Smith,Pop,Sad
s36,Fully-configurable 6thgeneration encoding,Angela Wright,Hip-Hop,Energetic
s37,Re-engineered 6thgeneration extranet,Megan Nguyen,Jazz,Sad
s38,Customizable stable standardization,Timothy Gonzalez,Classical,Chill
s39,Digitized context-sensitive methodology,John Miller,Pop,Chill
s40,Down-sized zero administration implementation,Katie Tanner,Pop,Sad
s41,Operative zero tolerance structure,Tasha Stewart,Hip-Hop,Sad
s42,Re-engineered zero administration time-frame,Jack Mack,Rock,Energetic
s43,Virtual multi-state parallelism,Dawn Jenkins,Rock,Chill
s44,Pre-emptive bottom-line complexity,Vicki Duncan,Classical,Energetic
s45,Down-sized radical process improvement,Jill Jones,Classical,Chill
s46,Compatible composite strategy,Manuel Young,Rock,Chill
s47,Organic empowering approach,Michelle Rivera,Rock,Chill
s48,Pre-emptive composite benchmark,Brian Anderson,Rock,Sad
s49,Ameliorated attitude-oriented concept,Rebecca Bailey,Pop,Sad
s50,Synergized mission-critical benchmark,Erica Bates,Rock,Happy
s51,Synergized maximized process improvement,Holly Cox,Classical,Energetic
s52,Focused secondary extranet,Christopher Green,Rock,Energetic
s53,Face-to-face object-oriented secured line,Mary Bush,Pop,Happy
s54,Virtual content-based projection,Terry Wilson,Classical,Chill
s55,Exclusive intangible portal,Carl Foster,Pop,Happy
s56,Diverse full-range parallelism,Tina Young,Rock,Happy
s57,Re-contextualized radical moderator,Jesus Richards,Hip-Hop,Sad
s58,Reactive full-range parallelism,Donald Robertson,Pop,Energetic
s59,Face-to-face system-worthy project,Nicole Aguilar,Pop,Chill
s60,Inverse value-added monitoring,Michael Yates,Pop,Energetic
s61,Function-based logistical monitoring,Olivia Brady,Hip-Hop,Chill
s62,Reactive heuristic neural-net,Janice Brown,Hip-Hop,Happy
s63,Inverse maximized throughput,Robin Smith,Rock,Sad
s64,Cross-platform web-enabled capability,Jeffrey Mccarthy,Classical,Chill
s65,Virtual high-level matrices,Ashley Griffin,Hip-Hop,Sad
s66,Expanded radical utilization,Daniel Sparks,Jazz,Sad
s67,Reverse-engineered tertiary pricing structure,Charles Curtis,Classical,Energetic
s68,Expanded fault-tolerant firmware,Thomas Martinez,Classical,Chill
s69,Profit-focused responsive framework,Dr. Perry Blair,Hip-Hop,Energetic
s70,Focused non-volatile encryption,Martha Thompson,Classical,Happy
s71,Centralized incremental Local Area Network,Amy Palmer,Pop,Energetic
s72,Optimized modular policy,Christopher Conway,Jazz,Energetic
s73,Diverse logistical archive,Tiffany Stewart,Jazz,Energetic
s74,Seamless foreground groupware,Christine Villa,Hip-Hop,Chill
s75,Team-oriented value-added parallelism,Melissa Bauer,Jazz,Sad
s76,Business-focused leadingedge neural-net,Kevin Snyder,Rock,Chill
s77,Total hybrid superstructure,Mark Moore,Hip-Hop,Happy
s78,Compatible high-level installation,Gary Myers,Rock,Happy
s79,Universal discrete task-force,Brandon Collins,Rock,Sad
s80,Automated bottom-line protocol,Mitchell Baker,Classical,Energetic
s81,Configurable methodical alliance,Kirsten Smith,Pop,Sad
s82,Intuitive non-volatile initiative,Michelle Mclaughlin,Hip-Hop,Sad
s83,Universal impactful groupware,Jeremy Douglas,Pop,Chill
s84,Cross-group clear-thinking approach,James Walter,Classical,Energetic
s85,Down-sized full-range forecast,Joseph Garcia,Classical,Chill
s86,Compatible 4thgeneration synergy,Cynthia Fisher,Rock,Energetic
s87,Business-focused secondary benchmark,Morgan Curtis,Hip-Hop,Sad
s88,Implemented multimedia infrastructure,Stephen Velazquez,Jazz,Happy
s89,Profit-focused exuding instruction set,Thomas Richardson,Rock,Chill
s90,Networked attitude-oriented task-force,Michelle Hayes,Rock,Happy
s91,Seamless context-sensitive emulation,Bobby Ewing,Hip-Hop,Energetic
s92,Diverse transitional moderator,Christina Whitney,Hip-Hop,Sad
s93,Robust exuding knowledgebase,Philip Cardenas,Rock,Chill
s94,Universal attitude-oriented concept,Alexis Bell DVM,Pop,Chill
s95,Focused systemic encryption,Thomas Jones,Jazz,Chill
s96,Ameliorated explicit middleware,Christopher Martinez,Rock,Happy
s97,Sharable multi-tasking conglomeration,Melissa Giles,Classical,Happy
s98,Inverse client-driven monitoring,Vincent Miller,Rock,Happy
s99,Phased explicit matrix,Nathaniel Turner,Classical,Energetic
s100,Advanced local encryption,Samuel Ramirez,Jazz,Happy
